product_id,date,quantity_sold
P001,2025-07-10,71
P001,2025-07-11,111
P001,2025-07-12,86
P001,2025-07-13,49
P001,2025-07-14,51
P001,2025-07-15,93
P001,2025-07-16,99
P001,2025-07-17,64
P001,2025-07-18,81
P001,2025-07-19,70
P001,2025-07-20,63
P001,2025-07-21,64
P001,2025-07-22,66
P001,2025-07-23,51
P001,2025-07-24,82
P001,2025-07-25,42
P001,2025-07-26,84
P001,2025-07-27,80
P001,2025-07-28,65
P001,2025-07-29,81
P001,2025-07-30,38
P001,2025-07-31,84
P001,2025-08-01,51
P001,2025-08-02,62
P001,2025-08-03,42
P001,2025-08-04,112
P001,2025-08-05,51
P001,2025-08-06,87
P001,2025-08-07,96
P001,2025-08-08,73
P002,2025-07-10,79
P002,2025-07-11,44
P002,2025-07-12,92
P002,2025-07-13,42
P002,2025-07-14,61
P002,2025-07-15,42
P002,2025-07-16,28
P002,2025-07-17,82
P002,2025-07-18,18
P002,2025-07-19,43
P002,2025-07-20,37
P002,2025-07-21,29
P002,2025-07-22,26
P002,2025-07-23,41
P002,2025-07-24,32
P002,2025-07-25,61
P002,2025-07-26,51
P002,2025-07-27,91
P002,2025-07-28,56
P002,2025-07-29,70
P002,2025-07-30,64
P002,2025-07-31,24
P002,2025-08-01,71
P002,2025-08-02,64
P002,2025-08-03,49
P002,2025-08-04,77
P002,2025-08-05,70
P002,2025-08-06,32
P002,2025-08-07,50
P002,2025-08-08,83
P003,2025-07-10,123
P003,2025-07-11,34
P003,2025-07-12,87
P003,2025-07-13,181
P003,2025-07-14,34
P003,2025-07-15,59
P003,2025-07-16,90
P003,2025-07-17,144
P003,2025-07-18,95
P003,2025-07-19,190
P003,2025-07-20,10
P003,2025-07-21,60
P003,2025-07-22,159
P003,2025-07-23,140
P003,2025-07-24,40
P003,2025-07-25,101
P003,2025-07-26,43
P003,2025-07-27,107
P003,2025-07-28,118
P003,2025-07-29,113
P003,2025-07-30,23
P003,2025-07-31,92
P003,2025-08-01,3
P003,2025-08-02,113
P003,2025-08-03,137
P003,2025-08-04,70
P003,2025-08-05,42
P003,2025-08-06,116
P003,2025-08-07,79
P003,2025-08-08,121
P004,2025-07-10,171
P004,2025-07-11,101
P004,2025-07-12,116
P004,2025-07-13,110
P004,2025-07-14,114
P004,2025-07-15,165
P004,2025-07-16,110
P004,2025-07-17,63
P004,2025-07-18,87
P004,2025-07-19,93
P004,2025-07-20,167
P004,2025-07-21,129
P004,2025-07-22,104
P004,2025-07-23,38
P004,2025-07-24,85
P004,2025-07-25,70
P004,2025-07-26,105
P004,2025-07-27,35
P004,2025-07-28,81
P004,2025-07-29,153
P004,2025-07-30,47
P004,2025-07-31,25
P004,2025-08-01,99
P004,2025-08-02,163
P004,2025-08-03,77
P004,2025-08-04,20
P004,2025-08-05,160
P004,2025-08-06,44
P004,2025-08-07,23
P004,2025-08-08,45
P005,2025-07-10,17
P005,2025-07-11,36
P005,2025-07-12,43
P005,2025-07-13,9
P005,2025-07-14,15
P005,2025-07-15,9
P005,2025-07-16,15
P005,2025-07-17,0
P005,2025-07-18,20
P005,2025-07-19,19
P005,2025-07-20,30
P005,2025-07-21,31
P005,2025-07-22,10
P005,2025-07-23,7
P005,2025-07-24,18
P005,2025-07-25,17
P005,2025-07-26,35
P005,2025-07-27,7
P005,2025-07-28,45
P005,2025-07-29,24
P005,2025-07-30,32
P005,2025-07-31,0
P005,2025-08-01,33
P005,2025-08-02,17
P005,2025-08-03,2
P005,2025-08-04,39
P005,2025-08-05,51
P005,2025-08-06,19
P005,2025-08-07,30
P005,2025-08-08,11
P006,2025-07-10,48
P006,2025-07-11,46
P006,2025-07-12,78
P006,2025-07-13,110
P006,2025-07-14,69
P006,2025-07-15,47
P006,2025-07-16,37
P006,2025-07-17,109
P006,2025-07-18,46
P006,2025-07-19,91
P006,2025-07-20,72
P006,2025-07-21,83
P006,2025-07-22,84
P006,2025-07-23,108
P006,2025-07-24,49
P006,2025-07-25,68
P006,2025-07-26,38
P006,2025-07-27,48
P006,2025-07-28,53
P006,2025-07-29,42
P006,2025-07-30,59
P006,2025-07-31,55
P006,2025-08-01,98
P006,2025-08-02,75
P006,2025-08-03,80
P006,2025-08-04,27
P006,2025-08-05,47
P006,2025-08-06,53
P006,2025-08-07,88
P006,2025-08-08,17
P007,2025-07-10,68
P007,2025-07-11,90
P007,2025-07-12,112
P007,2025-07-13,0
P007,2025-07-14,220
P007,2025-07-15,153
P007,2025-07-16,0
P007,2025-07-17,55
P007,2025-07-18,130
P007,2025-07-19,224
P007,2025-07-20,30
P007,2025-07-21,168
P007,2025-07-22,52
P007,2025-07-23,181
P007,2025-07-24,128
P007,2025-07-25,91
P007,2025-07-26,106
P007,2025-07-27,74
P007,2025-07-28,180
P007,2025-07-29,85
P007,2025-07-30,134
P007,2025-07-31,89
P007,2025-08-01,135
P007,2025-08-02,95
P007,2025-08-03,91
P007,2025-08-04,0
P007,2025-08-05,119
P007,2025-08-06,114
P007,2025-08-07,96
P007,2025-08-08,118
P008,2025-07-10,12
P008,2025-07-11,15
P008,2025-07-12,10
P008,2025-07-13,11
P008,2025-07-14,8
P008,2025-07-15,17
P008,2025-07-16,9
P008,2025-07-17,9
P008,2025-07-18,9
P008,2025-07-19,23
P008,2025-07-20,8
P008,2025-07-21,18
P008,2025-07-22,21
P008,2025-07-23,16
P008,2025-07-24,17
P008,2025-07-25,11
P008,2025-07-26,15
P008,2025-07-27,28
P008,2025-07-28,0
P008,2025-07-29,35
P008,2025-07-30,25
P008,2025-07-31,12
P008,2025-08-01,16
P008,2025-08-02,15
P008,2025-08-03,16
P008,2025-08-04,5
P008,2025-08-05,18
P008,2025-08-06,3
P008,2025-08-07,14
P008,2025-08-08,0
P009,2025-07-10,55
P009,2025-07-11,124
P009,2025-07-12,94
P009,2025-07-13,61
P009,2025-07-14,76
P009,2025-07-15,94
P009,2025-07-16,95
P009,2025-07-17,98
P009,2025-07-18,94
P009,2025-07-19,82
P009,2025-07-20,82
P009,2025-07-21,74
P009,2025-07-22,57
P009,2025-07-23,113
P009,2025-07-24,80
P009,2025-07-25,123
P009,2025-07-26,38
P009,2025-07-27,83
P009,2025-07-28,74
P009,2025-07-29,50
P009,2025-07-30,88
P009,2025-07-31,118
P009,2025-08-01,120
P009,2025-08-02,75
P009,2025-08-03,76
P009,2025-08-04,96
P009,2025-08-05,96
P009,2025-08-06,116
P009,2025-08-07,111
P009,2025-08-08,118
P010,2025-07-10,44
P010,2025-07-11,42
P010,2025-07-12,29
P010,2025-07-13,36
P010,2025-07-14,16
P010,2025-07-15,25
P010,2025-07-16,55
P010,2025-07-17,26
P010,2025-07-18,24
P010,2025-07-19,28
P010,2025-07-20,11
P010,2025-07-21,29
P010,2025-07-22,33
P010,2025-07-23,20
P010,2025-07-24,21
P010,2025-07-25,32
P010,2025-07-26,22
P010,2025-07-27,30
P010,2025-07-28,22
P010,2025-07-29,21
P010,2025-07-30,1
P010,2025-07-31,33
P010,2025-08-01,19
P010,2025-08-02,22
P010,2025-08-03,2
P010,2025-08-04,36
P010,2025-08-05,25
P010,2025-08-06,14
P010,2025-08-07,48
P010,2025-08-08,16
P011,2025-07-10,103
P011,2025-07-11,48
P011,2025-07-12,93
P011,2025-07-13,24
P011,2025-07-14,62
P011,2025-07-15,133
P011,2025-07-16,98
P011,2025-07-17,0
P011,2025-07-18,99
P011,2025-07-19,57
P011,2025-07-20,18
P011,2025-07-21,115
P011,2025-07-22,40
P011,2025-07-23,65
P011,2025-07-24,124
P011,2025-07-25,101
P011,2025-07-26,53
P011,2025-07-27,112
P011,2025-07-28,143
P011,2025-07-29,100
P011,2025-07-30,106
P011,2025-07-31,48
P011,2025-08-01,149
P011,2025-08-02,88
P011,2025-08-03,55
P011,2025-08-04,90
P011,2025-08-05,101
P011,2025-08-06,49
P011,2025-08-07,96
P011,2025-08-08,65
P012,2025-07-10,10
P012,2025-07-11,52
P012,2025-07-12,86
P012,2025-07-13,50
P012,2025-07-14,58
P012,2025-07-15,33
P012,2025-07-16,71
P012,2025-07-17,74
P012,2025-07-18,29
P012,2025-07-19,68
P012,2025-07-20,102
P012,2025-07-21,0
P012,2025-07-22,67
P012,2025-07-23,45
P012,2025-07-24,89
P012,2025-07-25,10
P012,2025-07-26,104
P012,2025-07-27,19
P012,2025-07-28,90
P012,2025-07-29,29
P012,2025-07-30,51
P012,2025-07-31,45
P012,2025-08-01,38
P012,2025-08-02,51
P012,2025-08-03,30
P012,2025-08-04,0
P012,2025-08-05,58
P012,2025-08-06,53
P012,2025-08-07,65
P012,2025-08-08,73
P013,2025-07-10,76
P013,2025-07-11,83
P013,2025-07-12,80
P013,2025-07-13,26
P013,2025-07-14,60
P013,2025-07-15,135
P013,2025-07-16,121
P013,2025-07-17,68
P013,2025-07-18,110
P013,2025-07-19,112
P013,2025-07-20,122
P013,2025-07-21,115
P013,2025-07-22,99
P013,2025-07-23,120
P013,2025-07-24,73
P013,2025-07-25,153
P013,2025-07-26,55
P013,2025-07-27,38
P013,2025-07-28,47
P013,2025-07-29,77
P013,2025-07-30,91
P013,2025-07-31,55
P013,2025-08-01,157
P013,2025-08-02,93
P013,2025-08-03,52
P013,2025-08-04,139
P013,2025-08-05,88
P013,2025-08-06,107
P013,2025-08-07,131
P013,2025-08-08,45
P014,2025-07-10,85
P014,2025-07-11,76
P014,2025-07-12,33
P014,2025-07-13,19
P014,2025-07-14,17
P014,2025-07-15,73
P014,2025-07-16,44
P014,2025-07-17,95
P014,2025-07-18,43
P014,2025-07-19,89
P014,2025-07-20,0
P014,2025-07-21,36
P014,2025-07-22,67
P014,2025-07-23,72
P014,2025-07-24,79
P014,2025-07-25,48
P014,2025-07-26,52
P014,2025-07-27,57
P014,2025-07-28,15
P014,2025-07-29,28
P014,2025-07-30,34
P014,2025-07-31,19
P014,2025-08-01,58
P014,2025-08-02,31
P014,2025-08-03,70
P014,2025-08-04,98
P014,2025-08-05,26
P014,2025-08-06,54
P014,2025-08-07,52
P014,2025-08-08,20
P015,2025-07-10,24
P015,2025-07-11,26
P015,2025-07-12,26
P015,2025-07-13,16
P015,2025-07-14,27
P015,2025-07-15,33
P015,2025-07-16,27
P015,2025-07-17,23
P015,2025-07-18,25
P015,2025-07-19,17
P015,2025-07-20,34
P015,2025-07-21,35
P015,2025-07-22,29
P015,2025-07-23,34
P015,2025-07-24,21
P015,2025-07-25,38
P015,2025-07-26,31
P015,2025-07-27,44
P015,2025-07-28,33
P015,2025-07-29,36
P015,2025-07-30,23
P015,2025-07-31,34
P015,2025-08-01,31
P015,2025-08-02,36
P015,2025-08-03,33
P015,2025-08-04,14
P015,2025-08-05,21
P015,2025-08-06,29
P015,2025-08-07,41
P015,2025-08-08,19
P016,2025-07-10,19
P016,2025-07-11,21
P016,2025-07-12,27
P016,2025-07-13,20
P016,2025-07-14,22
P016,2025-07-15,17
P016,2025-07-16,22
P016,2025-07-17,22
P016,2025-07-18,23
P016,2025-07-19,22
P016,2025-07-20,19
P016,2025-07-21,26
P016,2025-07-22,29
P016,2025-07-23,25
P016,2025-07-24,19
P016,2025-07-25,20
P016,2025-07-26,23
P016,2025-07-27,21
P016,2025-07-28,24
P016,2025-07-29,26
P016,2025-07-30,17
P016,2025-07-31,16
P016,2025-08-01,28
P016,2025-08-02,18
P016,2025-08-03,27
P016,2025-08-04,23
P016,2025-08-05,18
P016,2025-08-06,18
P016,2025-08-07,24
P016,2025-08-08,23
P017,2025-07-10,102
P017,2025-07-11,86
P017,2025-07-12,10
P017,2025-07-13,12
P017,2025-07-14,149
P017,2025-07-15,55
P017,2025-07-16,22
P017,2025-07-17,2
P017,2025-07-18,85
P017,2025-07-19,57
P017,2025-07-20,18
P017,2025-07-21,13
P017,2025-07-22,24
P017,2025-07-23,62
P017,2025-07-24,51
P017,2025-07-25,39
P017,2025-07-26,79
P017,2025-07-27,49
P017,2025-07-28,82
P017,2025-07-29,7
P017,2025-07-30,0
P017,2025-07-31,37
P017,2025-08-01,73
P017,2025-08-02,64
P017,2025-08-03,39
P017,2025-08-04,56
P017,2025-08-05,37
P017,2025-08-06,23
P017,2025-08-07,89
P017,2025-08-08,0
P018,2025-07-10,3
P018,2025-07-11,101
P018,2025-07-12,63
P018,2025-07-13,85
P018,2025-07-14,2
P018,2025-07-15,67
P018,2025-07-16,41
P018,2025-07-17,128
P018,2025-07-18,143
P018,2025-07-19,82
P018,2025-07-20,113
P018,2025-07-21,155
P018,2025-07-22,27
P018,2025-07-23,73
P018,2025-07-24,33
P018,2025-07-25,122
P018,2025-07-26,29
P018,2025-07-27,80
P018,2025-07-28,50
P018,2025-07-29,47
P018,2025-07-30,76
P018,2025-07-31,76
P018,2025-08-01,110
P018,2025-08-02,19
P018,2025-08-03,91
P018,2025-08-04,33
P018,2025-08-05,165
P018,2025-08-06,28
P018,2025-08-07,104
P018,2025-08-08,102
P019,2025-07-10,5
P019,2025-07-11,10
P019,2025-07-12,9
P019,2025-07-13,5
P019,2025-07-14,13
P019,2025-07-15,13
P019,2025-07-16,15
P019,2025-07-17,3
P019,2025-07-18,7
P019,2025-07-19,11
P019,2025-07-20,7
P019,2025-07-21,12
P019,2025-07-22,5
P019,2025-07-23,16
P019,2025-07-24,23
P019,2025-07-25,25
P019,2025-07-26,9
P019,2025-07-27,8
P019,2025-07-28,7
P019,2025-07-29,8
P019,2025-07-30,19
P019,2025-07-31,19
P019,2025-08-01,20
P019,2025-08-02,10
P019,2025-08-03,13
P019,2025-08-04,8
P019,2025-08-05,13
P019,2025-08-06,14
P019,2025-08-07,15
P019,2025-08-08,6
P020,2025-07-10,1
P020,2025-07-11,24
P020,2025-07-12,0
P020,2025-07-13,4
P020,2025-07-14,13
P020,2025-07-15,19
P020,2025-07-16,10
P020,2025-07-17,30
P020,2025-07-18,8
P020,2025-07-19,15
P020,2025-07-20,3
P020,2025-07-21,8
P020,2025-07-22,11
P020,2025-07-23,18
P020,2025-07-24,16
P020,2025-07-25,4
P020,2025-07-26,18
P020,2025-07-27,12
P020,2025-07-28,4
P020,2025-07-29,7
P020,2025-07-30,3
P020,2025-07-31,2
P020,2025-08-01,13
P020,2025-08-02,15
P020,2025-08-03,22
P020,2025-08-04,13
P020,2025-08-05,10
P020,2025-08-06,13
P020,2025-08-07,3
P020,2025-08-08,22
P021,2025-07-10,52
P021,2025-07-11,64
P021,2025-07-12,42
P021,2025-07-13,74
P021,2025-07-14,38
P021,2025-07-15,29
P021,2025-07-16,64
P021,2025-07-17,18
P021,2025-07-18,20
P021,2025-07-19,32
P021,2025-07-20,50
P021,2025-07-21,39
P021,2025-07-22,45
P021,2025-07-23,37
P021,2025-07-24,21
P021,2025-07-25,35
P021,2025-07-26,45
P021,2025-07-27,28
P021,2025-07-28,46
P021,2025-07-29,54
P021,2025-07-30,35
P021,2025-07-31,65
P021,2025-08-01,31
P021,2025-08-02,42
P021,2025-08-03,30
P021,2025-08-04,35
P021,2025-08-05,42
P021,2025-08-06,45
P021,2025-08-07,9
P021,2025-08-08,28
P022,2025-07-10,66
P022,2025-07-11,42
P022,2025-07-12,36
P022,2025-07-13,22
P022,2025-07-14,71
P022,2025-07-15,65
P022,2025-07-16,45
P022,2025-07-17,63
P022,2025-07-18,87
P022,2025-07-19,34
P022,2025-07-20,82
P022,2025-07-21,54
P022,2025-07-22,65
P022,2025-07-23,60
P022,2025-07-24,61
P022,2025-07-25,47
P022,2025-07-26,5
P022,2025-07-27,82
P022,2025-07-28,30
P022,2025-07-29,49
P022,2025-07-30,0
P022,2025-07-31,83
P022,2025-08-01,52
P022,2025-08-02,45
P022,2025-08-03,20
P022,2025-08-04,0
P022,2025-08-05,38
P022,2025-08-06,30
P022,2025-08-07,55
P022,2025-08-08,0
P023,2025-07-10,70
P023,2025-07-11,41
P023,2025-07-12,38
P023,2025-07-13,25
P023,2025-07-14,50
P023,2025-07-15,33
P023,2025-07-16,51
P023,2025-07-17,22
P023,2025-07-18,70
P023,2025-07-19,53
P023,2025-07-20,14
P023,2025-07-21,44
P023,2025-07-22,4
P023,2025-07-23,97
P023,2025-07-24,99
P023,2025-07-25,52
P023,2025-07-26,22
P023,2025-07-27,58
P023,2025-07-28,90
P023,2025-07-29,64
P023,2025-07-30,80
P023,2025-07-31,56
P023,2025-08-01,79
P023,2025-08-02,58
P023,2025-08-03,43
P023,2025-08-04,43
P023,2025-08-05,81
P023,2025-08-06,33
P023,2025-08-07,77
P023,2025-08-08,23
P024,2025-07-10,68
P024,2025-07-11,84
P024,2025-07-12,99
P024,2025-07-13,97
P024,2025-07-14,146
P024,2025-07-15,21
P024,2025-07-16,63
P024,2025-07-17,108
P024,2025-07-18,60
P024,2025-07-19,25
P024,2025-07-20,115
P024,2025-07-21,158
P024,2025-07-22,73
P024,2025-07-23,142
P024,2025-07-24,122
P024,2025-07-25,53
P024,2025-07-26,55
P024,2025-07-27,22
P024,2025-07-28,111
P024,2025-07-29,177
P024,2025-07-30,146
P024,2025-07-31,114
P024,2025-08-01,53
P024,2025-08-02,51
P024,2025-08-03,88
P024,2025-08-04,101
P024,2025-08-05,86
P024,2025-08-06,11
P024,2025-08-07,144
P024,2025-08-08,90
P025,2025-07-10,60
P025,2025-07-11,0
P025,2025-07-12,44
P025,2025-07-13,42
P025,2025-07-14,27
P025,2025-07-15,100
P025,2025-07-16,10
P025,2025-07-17,74
P025,2025-07-18,37
P025,2025-07-19,20
P025,2025-07-20,68
P025,2025-07-21,44
P025,2025-07-22,37
P025,2025-07-23,0
P025,2025-07-24,9
P025,2025-07-25,32
P025,2025-07-26,38
P025,2025-07-27,32
P025,2025-07-28,60
P025,2025-07-29,54
P025,2025-07-30,71
P025,2025-07-31,40
P025,2025-08-01,20
P025,2025-08-02,0
P025,2025-08-03,32
P025,2025-08-04,51
P025,2025-08-05,0
P025,2025-08-06,39
P025,2025-08-07,69
P025,2025-08-08,62
P026,2025-07-10,36
P026,2025-07-11,24
P026,2025-07-12,24
P026,2025-07-13,48
P026,2025-07-14,69
P026,2025-07-15,40
P026,2025-07-16,30
P026,2025-07-17,58
P026,2025-07-18,45
P026,2025-07-19,42
P026,2025-07-20,39
P026,2025-07-21,34
P026,2025-07-22,51
P026,2025-07-23,61
P026,2025-07-24,53
P026,2025-07-25,48
P026,2025-07-26,50
P026,2025-07-27,32
P026,2025-07-28,45
P026,2025-07-29,42
P026,2025-07-30,57
P026,2025-07-31,36
P026,2025-08-01,51
P026,2025-08-02,16
P026,2025-08-03,42
P026,2025-08-04,44
P026,2025-08-05,21
P026,2025-08-06,23
P026,2025-08-07,40
P026,2025-08-08,35
P027,2025-07-10,27
P027,2025-07-11,21
P027,2025-07-12,29
P027,2025-07-13,20
P027,2025-07-14,8
P027,2025-07-15,18
P027,2025-07-16,8
P027,2025-07-17,14
P027,2025-07-18,11
P027,2025-07-19,23
P027,2025-07-20,30
P027,2025-07-21,25
P027,2025-07-22,0
P027,2025-07-23,18
P027,2025-07-24,29
P027,2025-07-25,30
P027,2025-07-26,26
P027,2025-07-27,22
P027,2025-07-28,17
P027,2025-07-29,31
P027,2025-07-30,23
P027,2025-07-31,11
P027,2025-08-01,17
P027,2025-08-02,39
P027,2025-08-03,25
P027,2025-08-04,8
P027,2025-08-05,33
P027,2025-08-06,11
P027,2025-08-07,17
P027,2025-08-08,18
P028,2025-07-10,38
P028,2025-07-11,13
P028,2025-07-12,19
P028,2025-07-13,38
P028,2025-07-14,38
P028,2025-07-15,30
P028,2025-07-16,32
P028,2025-07-17,15
P028,2025-07-18,44
P028,2025-07-19,60
P028,2025-07-20,38
P028,2025-07-21,27
P028,2025-07-22,45
P028,2025-07-23,13
P028,2025-07-24,33
P028,2025-07-25,67
P028,2025-07-26,51
P028,2025-07-27,0
P028,2025-07-28,24
P028,2025-07-29,60
P028,2025-07-30,1
P028,2025-07-31,12
P028,2025-08-01,12
P028,2025-08-02,10
P028,2025-08-03,0
P028,2025-08-04,0
P028,2025-08-05,0
P028,2025-08-06,17
P028,2025-08-07,15
P028,2025-08-08,29
P029,2025-07-10,76
P029,2025-07-11,103
P029,2025-07-12,62
P029,2025-07-13,150
P029,2025-07-14,127
P029,2025-07-15,122
P029,2025-07-16,100
P029,2025-07-17,65
P029,2025-07-18,70
P029,2025-07-19,46
P029,2025-07-20,26
P029,2025-07-21,13
P029,2025-07-22,44
P029,2025-07-23,61
P029,2025-07-24,18
P029,2025-07-25,119
P029,2025-07-26,10
P029,2025-07-27,59
P029,2025-07-28,118
P029,2025-07-29,48
P029,2025-07-30,12
P029,2025-07-31,0
P029,2025-08-01,78
P029,2025-08-02,92
P029,2025-08-03,131
P029,2025-08-04,43
P029,2025-08-05,33
P029,2025-08-06,5
P029,2025-08-07,129
P029,2025-08-08,69
P030,2025-07-10,45
P030,2025-07-11,28
P030,2025-07-12,2
P030,2025-07-13,7
P030,2025-07-14,22
P030,2025-07-15,17
P030,2025-07-16,36
P030,2025-07-17,32
P030,2025-07-18,26
P030,2025-07-19,25
P030,2025-07-20,14
P030,2025-07-21,30
P030,2025-07-22,16
P030,2025-07-23,30
P030,2025-07-24,13
P030,2025-07-25,15
P030,2025-07-26,30
P030,2025-07-27,11
P030,2025-07-28,6
P030,2025-07-29,18
P030,2025-07-30,3
P030,2025-07-31,18
P030,2025-08-01,30
P030,2025-08-02,18
P030,2025-08-03,0
P030,2025-08-04,17
P030,2025-08-05,0
P030,2025-08-06,19
P030,2025-08-07,22
P030,2025-08-08,3
P031,2025-07-10,2
P031,2025-07-11,57
P031,2025-07-12,19
P031,2025-07-13,28
P031,2025-07-14,72
P031,2025-07-15,29
P031,2025-07-16,35
P031,2025-07-17,0
P031,2025-07-18,31
P031,2025-07-19,54
P031,2025-07-20,24
P031,2025-07-21,4
P031,2025-07-22,46
P031,2025-07-23,0
P031,2025-07-24,0
P031,2025-07-25,69
P031,2025-07-26,48
P031,2025-07-27,0
P031,2025-07-28,53
P031,2025-07-29,51
P031,2025-07-30,52
P031,2025-07-31,43
P031,2025-08-01,25
P031,2025-08-02,38
P031,2025-08-03,27
P031,2025-08-04,25
P031,2025-08-05,6
P031,2025-08-06,46
P031,2025-08-07,78
P031,2025-08-08,79
P032,2025-07-10,98
P032,2025-07-11,79
P032,2025-07-12,24
P032,2025-07-13,110
P032,2025-07-14,117
P032,2025-07-15,85
P032,2025-07-16,84
P032,2025-07-17,84
P032,2025-07-18,148
P032,2025-07-19,118
P032,2025-07-20,23
P032,2025-07-21,72
P032,2025-07-22,38
P032,2025-07-23,27
P032,2025-07-24,31
P032,2025-07-25,158
P032,2025-07-26,135
P032,2025-07-27,104
P032,2025-07-28,100
P032,2025-07-29,88
P032,2025-07-30,97
P032,2025-07-31,72
P032,2025-08-01,54
P032,2025-08-02,92
P032,2025-08-03,130
P032,2025-08-04,50
P032,2025-08-05,74
P032,2025-08-06,84
P032,2025-08-07,176
P032,2025-08-08,93
P033,2025-07-10,38
P033,2025-07-11,6
P033,2025-07-12,16
P033,2025-07-13,43
P033,2025-07-14,22
P033,2025-07-15,27
P033,2025-07-16,18
P033,2025-07-17,36
P033,2025-07-18,36
P033,2025-07-19,41
P033,2025-07-20,32
P033,2025-07-21,55
P033,2025-07-22,8
P033,2025-07-23,28
P033,2025-07-24,27
P033,2025-07-25,28
P033,2025-07-26,27
P033,2025-07-27,29
P033,2025-07-28,45
P033,2025-07-29,44
P033,2025-07-30,27
P033,2025-07-31,35
P033,2025-08-01,35
P033,2025-08-02,33
P033,2025-08-03,40
P033,2025-08-04,39
P033,2025-08-05,22
P033,2025-08-06,40
P033,2025-08-07,32
P033,2025-08-08,41
P034,2025-07-10,168
P034,2025-07-11,110
P034,2025-07-12,66
P034,2025-07-13,56
P034,2025-07-14,161
P034,2025-07-15,122
P034,2025-07-16,104
P034,2025-07-17,190
P034,2025-07-18,50
P034,2025-07-19,60
P034,2025-07-20,37
P034,2025-07-21,97
P034,2025-07-22,26
P034,2025-07-23,91
P034,2025-07-24,0
P034,2025-07-25,54
P034,2025-07-26,58
P034,2025-07-27,83
P034,2025-07-28,66
P034,2025-07-29,0
P034,2025-07-30,58
P034,2025-07-31,56
P034,2025-08-01,97
P034,2025-08-02,127
P034,2025-08-03,43
P034,2025-08-04,158
P034,2025-08-05,126
P034,2025-08-06,99
P034,2025-08-07,30
P034,2025-08-08,128
P035,2025-07-10,13
P035,2025-07-11,95
P035,2025-07-12,86
P035,2025-07-13,101
P035,2025-07-14,51
P035,2025-07-15,52
P035,2025-07-16,108
P035,2025-07-17,85
P035,2025-07-18,50
P035,2025-07-19,35
P035,2025-07-20,71
P035,2025-07-21,79
P035,2025-07-22,76
P035,2025-07-23,80
P035,2025-07-24,128
P035,2025-07-25,0
P035,2025-07-26,1
P035,2025-07-27,58
P035,2025-07-28,43
P035,2025-07-29,52
P035,2025-07-30,70
P035,2025-07-31,70
P035,2025-08-01,47
P035,2025-08-02,41
P035,2025-08-03,50
P035,2025-08-04,42
P035,2025-08-05,39
P035,2025-08-06,57
P035,2025-08-07,38
P035,2025-08-08,27
P036,2025-07-10,90
P036,2025-07-11,88
P036,2025-07-12,83
P036,2025-07-13,83
P036,2025-07-14,57
P036,2025-07-15,75
P036,2025-07-16,106
P036,2025-07-17,88
P036,2025-07-18,53
P036,2025-07-19,61
P036,2025-07-20,89
P036,2025-07-21,67
P036,2025-07-22,107
P036,2025-07-23,82
P036,2025-07-24,84
P036,2025-07-25,87
P036,2025-07-26,100
P036,2025-07-27,53
P036,2025-07-28,109
P036,2025-07-29,133
P036,2025-07-30,59
P036,2025-07-31,101
P036,2025-08-01,68
P036,2025-08-02,72
P036,2025-08-03,68
P036,2025-08-04,83
P036,2025-08-05,63
P036,2025-08-06,79
P036,2025-08-07,105
P036,2025-08-08,101
P037,2025-07-10,0
P037,2025-07-11,36
P037,2025-07-12,75
P037,2025-07-13,39
P037,2025-07-14,44
P037,2025-07-15,69
P037,2025-07-16,49
P037,2025-07-17,75
P037,2025-07-18,18
P037,2025-07-19,59
P037,2025-07-20,26
P037,2025-07-21,9
P037,2025-07-22,46
P037,2025-07-23,12
P037,2025-07-24,59
P037,2025-07-25,46
P037,2025-07-26,23
P037,2025-07-27,0
P037,2025-07-28,11
P037,2025-07-29,33
P037,2025-07-30,67
P037,2025-07-31,50
P037,2025-08-01,76
P037,2025-08-02,107
P037,2025-08-03,63
P037,2025-08-04,0
P037,2025-08-05,36
P037,2025-08-06,0
P037,2025-08-07,63
P037,2025-08-08,53
P038,2025-07-10,61
P038,2025-07-11,63
P038,2025-07-12,32
P038,2025-07-13,81
P038,2025-07-14,137
P038,2025-07-15,99
P038,2025-07-16,27
P038,2025-07-17,146
P038,2025-07-18,30
P038,2025-07-19,0
P038,2025-07-20,227
P038,2025-07-21,111
P038,2025-07-22,86
P038,2025-07-23,0
P038,2025-07-24,77
P038,2025-07-25,52
P038,2025-07-26,163
P038,2025-07-27,8
P038,2025-07-28,79
P038,2025-07-29,129
P038,2025-07-30,139
P038,2025-07-31,44
P038,2025-08-01,222
P038,2025-08-02,147
P038,2025-08-03,144
P038,2025-08-04,140
P038,2025-08-05,163
P038,2025-08-06,61
P038,2025-08-07,115
P038,2025-08-08,146
P039,2025-07-10,90
P039,2025-07-11,125
P039,2025-07-12,150
P039,2025-07-13,73
P039,2025-07-14,0
P039,2025-07-15,132
P039,2025-07-16,58
P039,2025-07-17,87
P039,2025-07-18,0
P039,2025-07-19,46
P039,2025-07-20,18
P039,2025-07-21,106
P039,2025-07-22,60
P039,2025-07-23,174
P039,2025-07-24,132
P039,2025-07-25,72
P039,2025-07-26,130
P039,2025-07-27,167
P039,2025-07-28,31
P039,2025-07-29,167
P039,2025-07-30,138
P039,2025-07-31,105
P039,2025-08-01,0
P039,2025-08-02,143
P039,2025-08-03,95
P039,2025-08-04,160
P039,2025-08-05,35
P039,2025-08-06,104
P039,2025-08-07,81
P039,2025-08-08,86
P040,2025-07-10,140
P040,2025-07-11,13
P040,2025-07-12,0
P040,2025-07-13,143
P040,2025-07-14,57
P040,2025-07-15,121
P040,2025-07-16,32
P040,2025-07-17,28
P040,2025-07-18,48
P040,2025-07-19,107
P040,2025-07-20,23
P040,2025-07-21,70
P040,2025-07-22,75
P040,2025-07-23,12
P040,2025-07-24,126
P040,2025-07-25,21
P040,2025-07-26,49
P040,2025-07-27,0
P040,2025-07-28,0
P040,2025-07-29,77
P040,2025-07-30,75
P040,2025-07-31,141
P040,2025-08-01,104
P040,2025-08-02,0
P040,2025-08-03,0
P040,2025-08-04,57
P040,2025-08-05,12
P040,2025-08-06,86
P040,2025-08-07,0
P040,2025-08-08,98
P041,2025-07-10,76
P041,2025-07-11,47
P041,2025-07-12,71
P041,2025-07-13,0
P041,2025-07-14,49
P041,2025-07-15,4
P041,2025-07-16,0
P041,2025-07-17,45
P041,2025-07-18,44
P041,2025-07-19,23
P041,2025-07-20,94
P041,2025-07-21,63
P041,2025-07-22,50
P041,2025-07-23,67
P041,2025-07-24,40
P041,2025-07-25,30
P041,2025-07-26,37
P041,2025-07-27,101
P041,2025-07-28,52
P041,2025-07-29,36
P041,2025-07-30,8
P041,2025-07-31,0
P041,2025-08-01,87
P041,2025-08-02,52
P041,2025-08-03,20
P041,2025-08-04,0
P041,2025-08-05,95
P041,2025-08-06,19
P041,2025-08-07,107
P041,2025-08-08,47
P042,2025-07-10,114
P042,2025-07-11,20
P042,2025-07-12,135
P042,2025-07-13,70
P042,2025-07-14,125
P042,2025-07-15,56
P042,2025-07-16,0
P042,2025-07-17,66
P042,2025-07-18,142
P042,2025-07-19,184
P042,2025-07-20,0
P042,2025-07-21,0
P042,2025-07-22,75
P042,2025-07-23,110
P042,2025-07-24,65
P042,2025-07-25,123
P042,2025-07-26,59
P042,2025-07-27,107
P042,2025-07-28,56
P042,2025-07-29,63
P042,2025-07-30,91
P042,2025-07-31,18
P042,2025-08-01,38
P042,2025-08-02,0
P042,2025-08-03,106
P042,2025-08-04,0
P042,2025-08-05,0
P042,2025-08-06,55
P042,2025-08-07,48
P042,2025-08-08,65
P043,2025-07-10,49
P043,2025-07-11,128
P043,2025-07-12,51
P043,2025-07-13,82
P043,2025-07-14,136
P043,2025-07-15,56
P043,2025-07-16,78
P043,2025-07-17,16
P043,2025-07-18,20
P043,2025-07-19,30
P043,2025-07-20,83
P043,2025-07-21,95
P043,2025-07-22,80
P043,2025-07-23,104
P043,2025-07-24,37
P043,2025-07-25,95
P043,2025-07-26,75
P043,2025-07-27,46
P043,2025-07-28,120
P043,2025-07-29,27
P043,2025-07-30,94
P043,2025-07-31,72
P043,2025-08-01,10
P043,2025-08-02,92
P043,2025-08-03,91
P043,2025-08-04,41
P043,2025-08-05,71
P043,2025-08-06,71
P043,2025-08-07,102
P043,2025-08-08,85
P044,2025-07-10,149
P044,2025-07-11,69
P044,2025-07-12,125
P044,2025-07-13,39
P044,2025-07-14,2
P044,2025-07-15,17
P044,2025-07-16,84
P044,2025-07-17,95
P044,2025-07-18,53
P044,2025-07-19,111
P044,2025-07-20,169
P044,2025-07-21,0
P044,2025-07-22,3
P044,2025-07-23,163
P044,2025-07-24,13
P044,2025-07-25,61
P044,2025-07-26,3
P044,2025-07-27,88
P044,2025-07-28,64
P044,2025-07-29,232
P044,2025-07-30,96
P044,2025-07-31,25
P044,2025-08-01,93
P044,2025-08-02,134
P044,2025-08-03,179
P044,2025-08-04,0
P044,2025-08-05,22
P044,2025-08-06,0
P044,2025-08-07,99
P044,2025-08-08,19
P045,2025-07-10,56
P045,2025-07-11,0
P045,2025-07-12,80
P045,2025-07-13,71
P045,2025-07-14,82
P045,2025-07-15,30
P045,2025-07-16,63
P045,2025-07-17,79
P045,2025-07-18,108
P045,2025-07-19,95
P045,2025-07-20,73
P045,2025-07-21,45
P045,2025-07-22,71
P045,2025-07-23,17
P045,2025-07-24,71
P045,2025-07-25,48
P045,2025-07-26,84
P045,2025-07-27,43
P045,2025-07-28,56
P045,2025-07-29,49
P045,2025-07-30,52
P045,2025-07-31,52
P045,2025-08-01,66
P045,2025-08-02,87
P045,2025-08-03,71
P045,2025-08-04,53
P045,2025-08-05,22
P045,2025-08-06,36
P045,2025-08-07,49
P045,2025-08-08,55
P046,2025-07-10,42
P046,2025-07-11,26
P046,2025-07-12,60
P046,2025-07-13,43
P046,2025-07-14,54
P046,2025-07-15,24
P046,2025-07-16,38
P046,2025-07-17,32
P046,2025-07-18,33
P046,2025-07-19,65
P046,2025-07-20,64
P046,2025-07-21,33
P046,2025-07-22,60
P046,2025-07-23,65
P046,2025-07-24,9
P046,2025-07-25,20
P046,2025-07-26,51
P046,2025-07-27,39
P046,2025-07-28,40
P046,2025-07-29,57
P046,2025-07-30,39
P046,2025-07-31,56
P046,2025-08-01,65
P046,2025-08-02,40
P046,2025-08-03,50
P046,2025-08-04,42
P046,2025-08-05,25
P046,2025-08-06,29
P046,2025-08-07,0
P046,2025-08-08,35
P047,2025-07-10,14
P047,2025-07-11,18
P047,2025-07-12,12
P047,2025-07-13,23
P047,2025-07-14,2
P047,2025-07-15,37
P047,2025-07-16,26
P047,2025-07-17,30
P047,2025-07-18,20
P047,2025-07-19,30
P047,2025-07-20,20
P047,2025-07-21,26
P047,2025-07-22,22
P047,2025-07-23,14
P047,2025-07-24,9
P047,2025-07-25,2
P047,2025-07-26,18
P047,2025-07-27,35
P047,2025-07-28,19
P047,2025-07-29,4
P047,2025-07-30,19
P047,2025-07-31,18
P047,2025-08-01,24
P047,2025-08-02,29
P047,2025-08-03,16
P047,2025-08-04,17
P047,2025-08-05,25
P047,2025-08-06,8
P047,2025-08-07,22
P047,2025-08-08,10
P048,2025-07-10,40
P048,2025-07-11,25
P048,2025-07-12,48
P048,2025-07-13,20
P048,2025-07-14,35
P048,2025-07-15,53
P048,2025-07-16,33
P048,2025-07-17,38
P048,2025-07-18,9
P048,2025-07-19,26
P048,2025-07-20,32
P048,2025-07-21,35
P048,2025-07-22,45
P048,2025-07-23,42
P048,2025-07-24,44
P048,2025-07-25,52
P048,2025-07-26,45
P048,2025-07-27,15
P048,2025-07-28,17
P048,2025-07-29,50
P048,2025-07-30,42
P048,2025-07-31,39
P048,2025-08-01,27
P048,2025-08-02,8
P048,2025-08-03,38
P048,2025-08-04,23
P048,2025-08-05,38
P048,2025-08-06,27
P048,2025-08-07,52
P048,2025-08-08,52
P049,2025-07-10,47
P049,2025-07-11,31
P049,2025-07-12,44
P049,2025-07-13,34
P049,2025-07-14,36
P049,2025-07-15,49
P049,2025-07-16,39
P049,2025-07-17,52
P049,2025-07-18,43
P049,2025-07-19,49
P049,2025-07-20,50
P049,2025-07-21,55
P049,2025-07-22,25
P049,2025-07-23,38
P049,2025-07-24,61
P049,2025-07-25,47
P049,2025-07-26,56
P049,2025-07-27,39
P049,2025-07-28,43
P049,2025-07-29,47
P049,2025-07-30,55
P049,2025-07-31,28
P049,2025-08-01,52
P049,2025-08-02,34
P049,2025-08-03,51
P049,2025-08-04,47
P049,2025-08-05,58
P049,2025-08-06,39
P049,2025-08-07,37
P049,2025-08-08,32
P050,2025-07-10,21
P050,2025-07-11,22
P050,2025-07-12,17
P050,2025-07-13,21
P050,2025-07-14,22
P050,2025-07-15,34
P050,2025-07-16,11
P050,2025-07-17,16
P050,2025-07-18,17
P050,2025-07-19,22
P050,2025-07-20,18
P050,2025-07-21,17
P050,2025-07-22,21
P050,2025-07-23,25
P050,2025-07-24,35
P050,2025-07-25,8
P050,2025-07-26,30
P050,2025-07-27,0
P050,2025-07-28,19
P050,2025-07-29,13
P050,2025-07-30,20
P050,2025-07-31,34
P050,2025-08-01,10
P050,2025-08-02,12
P050,2025-08-03,37
P050,2025-08-04,11
P050,2025-08-05,11
P050,2025-08-06,15
P050,2025-08-07,30
P050,2025-08-08,13
P051,2025-07-10,19
P051,2025-07-11,14
P051,2025-07-12,15
P051,2025-07-13,19
P051,2025-07-14,11
P051,2025-07-15,11
P051,2025-07-16,17
P051,2025-07-17,15
P051,2025-07-18,15
P051,2025-07-19,20
P051,2025-07-20,15
P051,2025-07-21,16
P051,2025-07-22,11
P051,2025-07-23,16
P051,2025-07-24,12
P051,2025-07-25,12
P051,2025-07-26,12
P051,2025-07-27,20
P051,2025-07-28,15
P051,2025-07-29,17
P051,2025-07-30,18
P051,2025-07-31,6
P051,2025-08-01,13
P051,2025-08-02,13
P051,2025-08-03,12
P051,2025-08-04,15
P051,2025-08-05,16
P051,2025-08-06,14
P051,2025-08-07,14
P051,2025-08-08,17
P052,2025-07-10,15
P052,2025-07-11,39
P052,2025-07-12,82
P052,2025-07-13,12
P052,2025-07-14,18
P052,2025-07-15,47
P052,2025-07-16,67
P052,2025-07-17,62
P052,2025-07-18,25
P052,2025-07-19,69
P052,2025-07-20,0
P052,2025-07-21,24
P052,2025-07-22,0
P052,2025-07-23,28
P052,2025-07-24,36
P052,2025-07-25,37
P052,2025-07-26,0
P052,2025-07-27,29
P052,2025-07-28,53
P052,2025-07-29,20
P052,2025-07-30,59
P052,2025-07-31,51
P052,2025-08-01,43
P052,2025-08-02,1
P052,2025-08-03,62
P052,2025-08-04,37
P052,2025-08-05,6
P052,2025-08-06,21
P052,2025-08-07,31
P052,2025-08-08,41
P053,2025-07-10,27
P053,2025-07-11,33
P053,2025-07-12,40
P053,2025-07-13,52
P053,2025-07-14,41
P053,2025-07-15,45
P053,2025-07-16,53
P053,2025-07-17,19
P053,2025-07-18,34
P053,2025-07-19,24
P053,2025-07-20,13
P053,2025-07-21,64
P053,2025-07-22,43
P053,2025-07-23,35
P053,2025-07-24,38
P053,2025-07-25,14
P053,2025-07-26,29
P053,2025-07-27,14
P053,2025-07-28,24
P053,2025-07-29,70
P053,2025-07-30,64
P053,2025-07-31,25
P053,2025-08-01,25
P053,2025-08-02,47
P053,2025-08-03,11
P053,2025-08-04,45
P053,2025-08-05,45
P053,2025-08-06,44
P053,2025-08-07,52
P053,2025-08-08,62
P054,2025-07-10,8
P054,2025-07-11,7
P054,2025-07-12,13
P054,2025-07-13,9
P054,2025-07-14,10
P054,2025-07-15,7
P054,2025-07-16,8
P054,2025-07-17,6
P054,2025-07-18,8
P054,2025-07-19,7
P054,2025-07-20,13
P054,2025-07-21,10
P054,2025-07-22,9
P054,2025-07-23,7
P054,2025-07-24,8
P054,2025-07-25,8
P054,2025-07-26,9
P054,2025-07-27,9
P054,2025-07-28,6
P054,2025-07-29,8
P054,2025-07-30,6
P054,2025-07-31,8
P054,2025-08-01,8
P054,2025-08-02,9
P054,2025-08-03,10
P054,2025-08-04,8
P054,2025-08-05,7
P054,2025-08-06,10
P054,2025-08-07,8
P054,2025-08-08,8
P055,2025-07-10,5
P055,2025-07-11,5
P055,2025-07-12,2
P055,2025-07-13,4
P055,2025-07-14,9
P055,2025-07-15,4
P055,2025-07-16,7
P055,2025-07-17,4
P055,2025-07-18,3
P055,2025-07-19,5
P055,2025-07-20,5
P055,2025-07-21,4
P055,2025-07-22,4
P055,2025-07-23,2
P055,2025-07-24,6
P055,2025-07-25,4
P055,2025-07-26,5
P055,2025-07-27,7
P055,2025-07-28,6
P055,2025-07-29,6
P055,2025-07-30,5
P055,2025-07-31,7
P055,2025-08-01,3
P055,2025-08-02,6
P055,2025-08-03,4
P055,2025-08-04,7
P055,2025-08-05,4
P055,2025-08-06,5
P055,2025-08-07,5
P055,2025-08-08,6
P056,2025-07-10,97
P056,2025-07-11,68
P056,2025-07-12,83
P056,2025-07-13,70
P056,2025-07-14,62
P056,2025-07-15,64
P056,2025-07-16,82
P056,2025-07-17,82
P056,2025-07-18,90
P056,2025-07-19,96
P056,2025-07-20,33
P056,2025-07-21,83
P056,2025-07-22,54
P056,2025-07-23,64
P056,2025-07-24,81
P056,2025-07-25,81
P056,2025-07-26,87
P056,2025-07-27,29
P056,2025-07-28,58
P056,2025-07-29,67
P056,2025-07-30,93
P056,2025-07-31,75
P056,2025-08-01,86
P056,2025-08-02,22
P056,2025-08-03,54
P056,2025-08-04,105
P056,2025-08-05,95
P056,2025-08-06,50
P056,2025-08-07,88
P056,2025-08-08,55
P057,2025-07-10,2
P057,2025-07-11,5
P057,2025-07-12,13
P057,2025-07-13,8
P057,2025-07-14,7
P057,2025-07-15,7
P057,2025-07-16,3
P057,2025-07-17,5
P057,2025-07-18,12
P057,2025-07-19,14
P057,2025-07-20,12
P057,2025-07-21,6
P057,2025-07-22,8
P057,2025-07-23,9
P057,2025-07-24,6
P057,2025-07-25,6
P057,2025-07-26,12
P057,2025-07-27,10
P057,2025-07-28,3
P057,2025-07-29,4
P057,2025-07-30,6
P057,2025-07-31,10
P057,2025-08-01,7
P057,2025-08-02,5
P057,2025-08-03,10
P057,2025-08-04,8
P057,2025-08-05,0
P057,2025-08-06,1
P057,2025-08-07,0
P057,2025-08-08,11
P058,2025-07-10,34
P058,2025-07-11,69
P058,2025-07-12,56
P058,2025-07-13,66
P058,2025-07-14,30
P058,2025-07-15,32
P058,2025-07-16,40
P058,2025-07-17,40
P058,2025-07-18,48
P058,2025-07-19,69
P058,2025-07-20,87
P058,2025-07-21,56
P058,2025-07-22,28
P058,2025-07-23,60
P058,2025-07-24,60
P058,2025-07-25,50
P058,2025-07-26,51
P058,2025-07-27,52
P058,2025-07-28,72
P058,2025-07-29,34
P058,2025-07-30,9
P058,2025-07-31,70
P058,2025-08-01,75
P058,2025-08-02,61
P058,2025-08-03,51
P058,2025-08-04,84
P058,2025-08-05,21
P058,2025-08-06,18
P058,2025-08-07,56
P058,2025-08-08,49
P059,2025-07-10,30
P059,2025-07-11,19
P059,2025-07-12,61
P059,2025-07-13,46
P059,2025-07-14,97
P059,2025-07-15,0
P059,2025-07-16,59
P059,2025-07-17,12
P059,2025-07-18,64
P059,2025-07-19,61
P059,2025-07-20,39
P059,2025-07-21,76
P059,2025-07-22,2
P059,2025-07-23,25
P059,2025-07-24,39
P059,2025-07-25,22
P059,2025-07-26,99
P059,2025-07-27,65
P059,2025-07-28,14
P059,2025-07-29,0
P059,2025-07-30,89
P059,2025-07-31,63
P059,2025-08-01,60
P059,2025-08-02,169
P059,2025-08-03,16
P059,2025-08-04,59
P059,2025-08-05,37
P059,2025-08-06,36
P059,2025-08-07,5
P059,2025-08-08,17
P060,2025-07-10,83
P060,2025-07-11,105
P060,2025-07-12,113
P060,2025-07-13,114
P060,2025-07-14,121
P060,2025-07-15,156
P060,2025-07-16,27
P060,2025-07-17,100
P060,2025-07-18,106
P060,2025-07-19,118
P060,2025-07-20,104
P060,2025-07-21,127
P060,2025-07-22,111
P060,2025-07-23,127
P060,2025-07-24,84
P060,2025-07-25,107
P060,2025-07-26,62
P060,2025-07-27,49
P060,2025-07-28,112
P060,2025-07-29,110
P060,2025-07-30,70
P060,2025-07-31,87
P060,2025-08-01,72
P060,2025-08-02,91
P060,2025-08-03,88
P060,2025-08-04,66
P060,2025-08-05,74
P060,2025-08-06,103
P060,2025-08-07,86
P060,2025-08-08,85
P061,2025-07-10,41
P061,2025-07-11,66
P061,2025-07-12,78
P061,2025-07-13,56
P061,2025-07-14,104
P061,2025-07-15,61
P061,2025-07-16,79
P061,2025-07-17,67
P061,2025-07-18,87
P061,2025-07-19,28
P061,2025-07-20,69
P061,2025-07-21,38
P061,2025-07-22,74
P061,2025-07-23,46
P061,2025-07-24,81
P061,2025-07-25,23
P061,2025-07-26,55
P061,2025-07-27,90
P061,2025-07-28,19
P061,2025-07-29,89
P061,2025-07-30,87
P061,2025-07-31,0
P061,2025-08-01,68
P061,2025-08-02,65
P061,2025-08-03,83
P061,2025-08-04,91
P061,2025-08-05,24
P061,2025-08-06,46
P061,2025-08-07,86
P061,2025-08-08,65
P062,2025-07-10,5
P062,2025-07-11,9
P062,2025-07-12,9
P062,2025-07-13,6
P062,2025-07-14,9
P062,2025-07-15,3
P062,2025-07-16,5
P062,2025-07-17,4
P062,2025-07-18,8
P062,2025-07-19,10
P062,2025-07-20,8
P062,2025-07-21,7
P062,2025-07-22,8
P062,2025-07-23,11
P062,2025-07-24,3
P062,2025-07-25,9
P062,2025-07-26,10
P062,2025-07-27,10
P062,2025-07-28,6
P062,2025-07-29,10
P062,2025-07-30,10
P062,2025-07-31,9
P062,2025-08-01,5
P062,2025-08-02,6
P062,2025-08-03,6
P062,2025-08-04,4
P062,2025-08-05,9
P062,2025-08-06,9
P062,2025-08-07,6
P062,2025-08-08,3
P063,2025-07-10,8
P063,2025-07-11,8
P063,2025-07-12,0
P063,2025-07-13,6
P063,2025-07-14,3
P063,2025-07-15,5
P063,2025-07-16,8
P063,2025-07-17,5
P063,2025-07-18,5
P063,2025-07-19,0
P063,2025-07-20,0
P063,2025-07-21,2
P063,2025-07-22,2
P063,2025-07-23,7
P063,2025-07-24,6
P063,2025-07-25,2
P063,2025-07-26,8
P063,2025-07-27,6
P063,2025-07-28,3
P063,2025-07-29,8
P063,2025-07-30,5
P063,2025-07-31,2
P063,2025-08-01,5
P063,2025-08-02,2
P063,2025-08-03,7
P063,2025-08-04,4
P063,2025-08-05,6
P063,2025-08-06,10
P063,2025-08-07,0
P063,2025-08-08,10
P064,2025-07-10,59
P064,2025-07-11,65
P064,2025-07-12,59
P064,2025-07-13,118
P064,2025-07-14,99
P064,2025-07-15,68
P064,2025-07-16,117
P064,2025-07-17,78
P064,2025-07-18,99
P064,2025-07-19,77
P064,2025-07-20,96
P064,2025-07-21,83
P064,2025-07-22,87
P064,2025-07-23,140
P064,2025-07-24,90
P064,2025-07-25,62
P064,2025-07-26,97
P064,2025-07-27,52
P064,2025-07-28,65
P064,2025-07-29,107
P064,2025-07-30,71
P064,2025-07-31,63
P064,2025-08-01,68
P064,2025-08-02,80
P064,2025-08-03,71
P064,2025-08-04,89
P064,2025-08-05,63
P064,2025-08-06,99
P064,2025-08-07,76
P064,2025-08-08,84
P065,2025-07-10,103
P065,2025-07-11,99
P065,2025-07-12,69
P065,2025-07-13,117
P065,2025-07-14,123
P065,2025-07-15,16
P065,2025-07-16,85
P065,2025-07-17,109
P065,2025-07-18,111
P065,2025-07-19,135
P065,2025-07-20,57
P065,2025-07-21,33
P065,2025-07-22,57
P065,2025-07-23,39
P065,2025-07-24,46
P065,2025-07-25,31
P065,2025-07-26,43
P065,2025-07-27,127
P065,2025-07-28,29
P065,2025-07-29,73
P065,2025-07-30,61
P065,2025-07-31,93
P065,2025-08-01,55
P065,2025-08-02,49
P065,2025-08-03,59
P065,2025-08-04,122
P065,2025-08-05,81
P065,2025-08-06,72
P065,2025-08-07,140
P065,2025-08-08,64
P066,2025-07-10,9
P066,2025-07-11,4
P066,2025-07-12,5
P066,2025-07-13,9
P066,2025-07-14,6
P066,2025-07-15,7
P066,2025-07-16,7
P066,2025-07-17,6
P066,2025-07-18,8
P066,2025-07-19,7
P066,2025-07-20,9
P066,2025-07-21,9
P066,2025-07-22,8
P066,2025-07-23,5
P066,2025-07-24,1
P066,2025-07-25,3
P066,2025-07-26,9
P066,2025-07-27,6
P066,2025-07-28,7
P066,2025-07-29,7
P066,2025-07-30,9
P066,2025-07-31,4
P066,2025-08-01,4
P066,2025-08-02,9
P066,2025-08-03,6
P066,2025-08-04,9
P066,2025-08-05,9
P066,2025-08-06,8
P066,2025-08-07,6
P066,2025-08-08,7
P067,2025-07-10,18
P067,2025-07-11,14
P067,2025-07-12,13
P067,2025-07-13,9
P067,2025-07-14,20
P067,2025-07-15,10
P067,2025-07-16,8
P067,2025-07-17,20
P067,2025-07-18,8
P067,2025-07-19,15
P067,2025-07-20,19
P067,2025-07-21,17
P067,2025-07-22,14
P067,2025-07-23,12
P067,2025-07-24,9
P067,2025-07-25,12
P067,2025-07-26,19
P067,2025-07-27,12
P067,2025-07-28,11
P067,2025-07-29,14
P067,2025-07-30,17
P067,2025-07-31,14
P067,2025-08-01,17
P067,2025-08-02,3
P067,2025-08-03,18
P067,2025-08-04,16
P067,2025-08-05,14
P067,2025-08-06,10
P067,2025-08-07,15
P067,2025-08-08,18
P068,2025-07-10,55
P068,2025-07-11,46
P068,2025-07-12,34
P068,2025-07-13,68
P068,2025-07-14,16
P068,2025-07-15,35
P068,2025-07-16,9
P068,2025-07-17,76
P068,2025-07-18,63
P068,2025-07-19,43
P068,2025-07-20,35
P068,2025-07-21,114
P068,2025-07-22,40
P068,2025-07-23,10
P068,2025-07-24,37
P068,2025-07-25,22
P068,2025-07-26,38
P068,2025-07-27,47
P068,2025-07-28,35
P068,2025-07-29,87
P068,2025-07-30,54
P068,2025-07-31,32
P068,2025-08-01,66
P068,2025-08-02,75
P068,2025-08-03,95
P068,2025-08-04,48
P068,2025-08-05,65
P068,2025-08-06,18
P068,2025-08-07,39
P068,2025-08-08,98
P069,2025-07-10,98
P069,2025-07-11,62
P069,2025-07-12,156
P069,2025-07-13,24
P069,2025-07-14,116
P069,2025-07-15,89
P069,2025-07-16,182
P069,2025-07-17,64
P069,2025-07-18,130
P069,2025-07-19,114
P069,2025-07-20,13
P069,2025-07-21,52
P069,2025-07-22,37
P069,2025-07-23,134
P069,2025-07-24,83
P069,2025-07-25,147
P069,2025-07-26,158
P069,2025-07-27,19
P069,2025-07-28,166
P069,2025-07-29,181
P069,2025-07-30,143
P069,2025-07-31,113
P069,2025-08-01,107
P069,2025-08-02,56
P069,2025-08-03,150
P069,2025-08-04,126
P069,2025-08-05,65
P069,2025-08-06,54
P069,2025-08-07,159
P069,2025-08-08,114
P070,2025-07-10,122
P070,2025-07-11,147
P070,2025-07-12,59
P070,2025-07-13,56
P070,2025-07-14,77
P070,2025-07-15,0
P070,2025-07-16,30
P070,2025-07-17,157
P070,2025-07-18,139
P070,2025-07-19,114
P070,2025-07-20,82
P070,2025-07-21,92
P070,2025-07-22,49
P070,2025-07-23,71
P070,2025-07-24,18
P070,2025-07-25,94
P070,2025-07-26,150
P070,2025-07-27,151
P070,2025-07-28,0
P070,2025-07-29,73
P070,2025-07-30,24
P070,2025-07-31,139
P070,2025-08-01,137
P070,2025-08-02,51
P070,2025-08-03,82
P070,2025-08-04,62
P070,2025-08-05,100
P070,2025-08-06,132
P070,2025-08-07,55
P070,2025-08-08,51
P071,2025-07-10,76
P071,2025-07-11,67
P071,2025-07-12,52
P071,2025-07-13,79
P071,2025-07-14,52
P071,2025-07-15,35
P071,2025-07-16,14
P071,2025-07-17,42
P071,2025-07-18,47
P071,2025-07-19,1
P071,2025-07-20,40
P071,2025-07-21,79
P071,2025-07-22,68
P071,2025-07-23,67
P071,2025-07-24,42
P071,2025-07-25,57
P071,2025-07-26,31
P071,2025-07-27,98
P071,2025-07-28,23
P071,2025-07-29,84
P071,2025-07-30,36
P071,2025-07-31,62
P071,2025-08-01,77
P071,2025-08-02,48
P071,2025-08-03,57
P071,2025-08-04,65
P071,2025-08-05,49
P071,2025-08-06,32
P071,2025-08-07,39
P071,2025-08-08,3
P072,2025-07-10,86
P072,2025-07-11,88
P072,2025-07-12,70
P072,2025-07-13,69
P072,2025-07-14,94
P072,2025-07-15,56
P072,2025-07-16,49
P072,2025-07-17,77
P072,2025-07-18,73
P072,2025-07-19,84
P072,2025-07-20,68
P072,2025-07-21,76
P072,2025-07-22,82
P072,2025-07-23,65
P072,2025-07-24,87
P072,2025-07-25,65
P072,2025-07-26,61
P072,2025-07-27,48
P072,2025-07-28,75
P072,2025-07-29,63
P072,2025-07-30,77
P072,2025-07-31,71
P072,2025-08-01,76
P072,2025-08-02,69
P072,2025-08-03,71
P072,2025-08-04,57
P072,2025-08-05,76
P072,2025-08-06,48
P072,2025-08-07,67
P072,2025-08-08,72
P073,2025-07-10,21
P073,2025-07-11,12
P073,2025-07-12,22
P073,2025-07-13,9
P073,2025-07-14,32
P073,2025-07-15,33
P073,2025-07-16,30
P073,2025-07-17,49
P073,2025-07-18,45
P073,2025-07-19,28
P073,2025-07-20,43
P073,2025-07-21,24
P073,2025-07-22,37
P073,2025-07-23,14
P073,2025-07-24,37
P073,2025-07-25,37
P073,2025-07-26,36
P073,2025-07-27,38
P073,2025-07-28,43
P073,2025-07-29,23
P073,2025-07-30,44
P073,2025-07-31,20
P073,2025-08-01,15
P073,2025-08-02,38
P073,2025-08-03,40
P073,2025-08-04,31
P073,2025-08-05,17
P073,2025-08-06,49
P073,2025-08-07,50
P073,2025-08-08,38
P074,2025-07-10,19
P074,2025-07-11,46
P074,2025-07-12,24
P074,2025-07-13,15
P074,2025-07-14,45
P074,2025-07-15,61
P074,2025-07-16,28
P074,2025-07-17,46
P074,2025-07-18,34
P074,2025-07-19,44
P074,2025-07-20,56
P074,2025-07-21,47
P074,2025-07-22,57
P074,2025-07-23,33
P074,2025-07-24,33
P074,2025-07-25,17
P074,2025-07-26,45
P074,2025-07-27,44
P074,2025-07-28,24
P074,2025-07-29,37
P074,2025-07-30,37
P074,2025-07-31,40
P074,2025-08-01,22
P074,2025-08-02,25
P074,2025-08-03,74
P074,2025-08-04,52
P074,2025-08-05,47
P074,2025-08-06,27
P074,2025-08-07,41
P074,2025-08-08,45
P075,2025-07-10,71
P075,2025-07-11,58
P075,2025-07-12,47
P075,2025-07-13,74
P075,2025-07-14,0
P075,2025-07-15,32
P075,2025-07-16,47
P075,2025-07-17,36
P075,2025-07-18,66
P075,2025-07-19,27
P075,2025-07-20,9
P075,2025-07-21,13
P075,2025-07-22,76
P075,2025-07-23,35
P075,2025-07-24,22
P075,2025-07-25,20
P075,2025-07-26,32
P075,2025-07-27,96
P075,2025-07-28,20
P075,2025-07-29,0
P075,2025-07-30,0
P075,2025-07-31,15
P075,2025-08-01,39
P075,2025-08-02,22
P075,2025-08-03,80
P075,2025-08-04,0
P075,2025-08-05,15
P075,2025-08-06,66
P075,2025-08-07,63
P075,2025-08-08,31
P076,2025-07-10,53
P076,2025-07-11,67
P076,2025-07-12,39
P076,2025-07-13,121
P076,2025-07-14,36
P076,2025-07-15,95
P076,2025-07-16,122
P076,2025-07-17,91
P076,2025-07-18,115
P076,2025-07-19,100
P076,2025-07-20,90
P076,2025-07-21,125
P076,2025-07-22,0
P076,2025-07-23,122
P076,2025-07-24,33
P076,2025-07-25,79
P076,2025-07-26,96
P076,2025-07-27,57
P076,2025-07-28,76
P076,2025-07-29,43
P076,2025-07-30,38
P076,2025-07-31,29
P076,2025-08-01,7
P076,2025-08-02,77
P076,2025-08-03,67
P076,2025-08-04,119
P076,2025-08-05,59
P076,2025-08-06,55
P076,2025-08-07,151
P076,2025-08-08,10
P077,2025-07-10,27
P077,2025-07-11,0
P077,2025-07-12,48
P077,2025-07-13,100
P077,2025-07-14,50
P077,2025-07-15,48
P077,2025-07-16,0
P077,2025-07-17,82
P077,2025-07-18,100
P077,2025-07-19,59
P077,2025-07-20,75
P077,2025-07-21,75
P077,2025-07-22,110
P077,2025-07-23,90
P077,2025-07-24,91
P077,2025-07-25,93
P077,2025-07-26,111
P077,2025-07-27,75
P077,2025-07-28,118
P077,2025-07-29,0
P077,2025-07-30,67
P077,2025-07-31,131
P077,2025-08-01,3
P077,2025-08-02,87
P077,2025-08-03,68
P077,2025-08-04,56
P077,2025-08-05,90
P077,2025-08-06,74
P077,2025-08-07,0
P077,2025-08-08,65
P078,2025-07-10,35
P078,2025-07-11,90
P078,2025-07-12,86
P078,2025-07-13,68
P078,2025-07-14,43
P078,2025-07-15,131
P078,2025-07-16,76
P078,2025-07-17,71
P078,2025-07-18,58
P078,2025-07-19,33
P078,2025-07-20,41
P078,2025-07-21,64
P078,2025-07-22,34
P078,2025-07-23,19
P078,2025-07-24,118
P078,2025-07-25,132
P078,2025-07-26,19
P078,2025-07-27,65
P078,2025-07-28,0
P078,2025-07-29,74
P078,2025-07-30,73
P078,2025-07-31,63
P078,2025-08-01,57
P078,2025-08-02,74
P078,2025-08-03,41
P078,2025-08-04,77
P078,2025-08-05,0
P078,2025-08-06,91
P078,2025-08-07,119
P078,2025-08-08,8
P079,2025-07-10,49
P079,2025-07-11,38
P079,2025-07-12,25
P079,2025-07-13,52
P079,2025-07-14,32
P079,2025-07-15,39
P079,2025-07-16,42
P079,2025-07-17,24
P079,2025-07-18,47
P079,2025-07-19,40
P079,2025-07-20,57
P079,2025-07-21,36
P079,2025-07-22,38
P079,2025-07-23,41
P079,2025-07-24,28
P079,2025-07-25,61
P079,2025-07-26,41
P079,2025-07-27,64
P079,2025-07-28,39
P079,2025-07-29,58
P079,2025-07-30,46
P079,2025-07-31,36
P079,2025-08-01,28
P079,2025-08-02,40
P079,2025-08-03,59
P079,2025-08-04,36
P079,2025-08-05,24
P079,2025-08-06,11
P079,2025-08-07,46
P079,2025-08-08,40
P080,2025-07-10,12
P080,2025-07-11,14
P080,2025-07-12,7
P080,2025-07-13,11
P080,2025-07-14,10
P080,2025-07-15,10
P080,2025-07-16,10
P080,2025-07-17,10
P080,2025-07-18,10
P080,2025-07-19,9
P080,2025-07-20,15
P080,2025-07-21,14
P080,2025-07-22,10
P080,2025-07-23,13
P080,2025-07-24,14
P080,2025-07-25,11
P080,2025-07-26,10
P080,2025-07-27,10
P080,2025-07-28,8
P080,2025-07-29,14
P080,2025-07-30,11
P080,2025-07-31,11
P080,2025-08-01,10
P080,2025-08-02,9
P080,2025-08-03,9
P080,2025-08-04,11
P080,2025-08-05,11
P080,2025-08-06,15
P080,2025-08-07,14
P080,2025-08-08,13
P081,2025-07-10,66
P081,2025-07-11,62
P081,2025-07-12,40
P081,2025-07-13,67
P081,2025-07-14,67
P081,2025-07-15,92
P081,2025-07-16,37
P081,2025-07-17,39
P081,2025-07-18,61
P081,2025-07-19,68
P081,2025-07-20,17
P081,2025-07-21,82
P081,2025-07-22,67
P081,2025-07-23,62
P081,2025-07-24,104
P081,2025-07-25,36
P081,2025-07-26,59
P081,2025-07-27,58
P081,2025-07-28,73
P081,2025-07-29,24
P081,2025-07-30,51
P081,2025-07-31,53
P081,2025-08-01,58
P081,2025-08-02,75
P081,2025-08-03,11
P081,2025-08-04,51
P081,2025-08-05,43
P081,2025-08-06,57
P081,2025-08-07,87
P081,2025-08-08,86
P082,2025-07-10,17
P082,2025-07-11,11
P082,2025-07-12,0
P082,2025-07-13,17
P082,2025-07-14,19
P082,2025-07-15,27
P082,2025-07-16,9
P082,2025-07-17,25
P082,2025-07-18,23
P082,2025-07-19,25
P082,2025-07-20,16
P082,2025-07-21,23
P082,2025-07-22,14
P082,2025-07-23,12
P082,2025-07-24,23
P082,2025-07-25,18
P082,2025-07-26,16
P082,2025-07-27,18
P082,2025-07-28,22
P082,2025-07-29,15
P082,2025-07-30,19
P082,2025-07-31,12
P082,2025-08-01,17
P082,2025-08-02,18
P082,2025-08-03,15
P082,2025-08-04,2
P082,2025-08-05,29
P082,2025-08-06,14
P082,2025-08-07,7
P082,2025-08-08,22
P083,2025-07-10,116
P083,2025-07-11,113
P083,2025-07-12,86
P083,2025-07-13,116
P083,2025-07-14,91
P083,2025-07-15,153
P083,2025-07-16,77
P083,2025-07-17,186
P083,2025-07-18,54
P083,2025-07-19,86
P083,2025-07-20,100
P083,2025-07-21,10
P083,2025-07-22,0
P083,2025-07-23,25
P083,2025-07-24,91
P083,2025-07-25,67
P083,2025-07-26,72
P083,2025-07-27,106
P083,2025-07-28,64
P083,2025-07-29,38
P083,2025-07-30,138
P083,2025-07-31,107
P083,2025-08-01,116
P083,2025-08-02,51
P083,2025-08-03,88
P083,2025-08-04,98
P083,2025-08-05,138
P083,2025-08-06,141
P083,2025-08-07,105
P083,2025-08-08,100
P084,2025-07-10,80
P084,2025-07-11,52
P084,2025-07-12,0
P084,2025-07-13,107
P084,2025-07-14,41
P084,2025-07-15,53
P084,2025-07-16,51
P084,2025-07-17,68
P084,2025-07-18,85
P084,2025-07-19,64
P084,2025-07-20,85
P084,2025-07-21,12
P084,2025-07-22,40
P084,2025-07-23,19
P084,2025-07-24,47
P084,2025-07-25,60
P084,2025-07-26,98
P084,2025-07-27,84
P084,2025-07-28,25
P084,2025-07-29,54
P084,2025-07-30,61
P084,2025-07-31,54
P084,2025-08-01,35
P084,2025-08-02,43
P084,2025-08-03,3
P084,2025-08-04,50
P084,2025-08-05,55
P084,2025-08-06,59
P084,2025-08-07,59
P084,2025-08-08,22
P085,2025-07-10,96
P085,2025-07-11,83
P085,2025-07-12,49
P085,2025-07-13,88
P085,2025-07-14,115
P085,2025-07-15,55
P085,2025-07-16,20
P085,2025-07-17,9
P085,2025-07-18,87
P085,2025-07-19,59
P085,2025-07-20,59
P085,2025-07-21,102
P085,2025-07-22,117
P085,2025-07-23,4
P085,2025-07-24,28
P085,2025-07-25,0
P085,2025-07-26,54
P085,2025-07-27,54
P085,2025-07-28,46
P085,2025-07-29,120
P085,2025-07-30,57
P085,2025-07-31,47
P085,2025-08-01,49
P085,2025-08-02,43
P085,2025-08-03,34
P085,2025-08-04,74
P085,2025-08-05,94
P085,2025-08-06,56
P085,2025-08-07,101
P085,2025-08-08,100
P086,2025-07-10,59
P086,2025-07-11,56
P086,2025-07-12,52
P086,2025-07-13,49
P086,2025-07-14,60
P086,2025-07-15,90
P086,2025-07-16,68
P086,2025-07-17,97
P086,2025-07-18,43
P086,2025-07-19,75
P086,2025-07-20,56
P086,2025-07-21,54
P086,2025-07-22,20
P086,2025-07-23,27
P086,2025-07-24,44
P086,2025-07-25,76
P086,2025-07-26,31
P086,2025-07-27,83
P086,2025-07-28,40
P086,2025-07-29,59
P086,2025-07-30,68
P086,2025-07-31,95
P086,2025-08-01,43
P086,2025-08-02,55
P086,2025-08-03,44
P086,2025-08-04,64
P086,2025-08-05,94
P086,2025-08-06,32
P086,2025-08-07,33
P086,2025-08-08,53
P087,2025-07-10,117
P087,2025-07-11,86
P087,2025-07-12,74
P087,2025-07-13,57
P087,2025-07-14,55
P087,2025-07-15,100
P087,2025-07-16,126
P087,2025-07-17,0
P087,2025-07-18,10
P087,2025-07-19,41
P087,2025-07-20,188
P087,2025-07-21,95
P087,2025-07-22,23
P087,2025-07-23,123
P087,2025-07-24,145
P087,2025-07-25,109
P087,2025-07-26,76
P087,2025-07-27,127
P087,2025-07-28,85
P087,2025-07-29,123
P087,2025-07-30,97
P087,2025-07-31,176
P087,2025-08-01,41
P087,2025-08-02,102
P087,2025-08-03,49
P087,2025-08-04,64
P087,2025-08-05,110
P087,2025-08-06,62
P087,2025-08-07,115
P087,2025-08-08,78
P088,2025-07-10,5
P088,2025-07-11,4
P088,2025-07-12,8
P088,2025-07-13,8
P088,2025-07-14,2
P088,2025-07-15,0
P088,2025-07-16,3
P088,2025-07-17,7
P088,2025-07-18,5
P088,2025-07-19,2
P088,2025-07-20,3
P088,2025-07-21,5
P088,2025-07-22,7
P088,2025-07-23,8
P088,2025-07-24,6
P088,2025-07-25,6
P088,2025-07-26,8
P088,2025-07-27,3
P088,2025-07-28,2
P088,2025-07-29,7
P088,2025-07-30,4
P088,2025-07-31,8
P088,2025-08-01,6
P088,2025-08-02,3
P088,2025-08-03,3
P088,2025-08-04,8
P088,2025-08-05,4
P088,2025-08-06,4
P088,2025-08-07,10
P088,2025-08-08,5
P089,2025-07-10,61
P089,2025-07-11,84
P089,2025-07-12,27
P089,2025-07-13,88
P089,2025-07-14,52
P089,2025-07-15,47
P089,2025-07-16,72
P089,2025-07-17,60
P089,2025-07-18,79
P089,2025-07-19,33
P089,2025-07-20,55
P089,2025-07-21,28
P089,2025-07-22,56
P089,2025-07-23,26
P089,2025-07-24,33
P089,2025-07-25,7
P089,2025-07-26,76
P089,2025-07-27,0
P089,2025-07-28,19
P089,2025-07-29,63
P089,2025-07-30,31
P089,2025-07-31,49
P089,2025-08-01,64
P089,2025-08-02,75
P089,2025-08-03,58
P089,2025-08-04,76
P089,2025-08-05,64
P089,2025-08-06,125
P089,2025-08-07,39
P089,2025-08-08,92
P090,2025-07-10,170
P090,2025-07-11,0
P090,2025-07-12,68
P090,2025-07-13,123
P090,2025-07-14,93
P090,2025-07-15,123
P090,2025-07-16,66
P090,2025-07-17,96
P090,2025-07-18,106
P090,2025-07-19,41
P090,2025-07-20,84
P090,2025-07-21,25
P090,2025-07-22,27
P090,2025-07-23,52
P090,2025-07-24,123
P090,2025-07-25,15
P090,2025-07-26,23
P090,2025-07-27,95
P090,2025-07-28,89
P090,2025-07-29,13
P090,2025-07-30,84
P090,2025-07-31,104
P090,2025-08-01,92
P090,2025-08-02,6
P090,2025-08-03,55
P090,2025-08-04,66
P090,2025-08-05,125
P090,2025-08-06,148
P090,2025-08-07,0
P090,2025-08-08,128
P091,2025-07-10,48
P091,2025-07-11,92
P091,2025-07-12,81
P091,2025-07-13,99
P091,2025-07-14,117
P091,2025-07-15,75
P091,2025-07-16,40
P091,2025-07-17,96
P091,2025-07-18,53
P091,2025-07-19,85
P091,2025-07-20,38
P091,2025-07-21,92
P091,2025-07-22,119
P091,2025-07-23,72
P091,2025-07-24,101
P091,2025-07-25,74
P091,2025-07-26,116
P091,2025-07-27,44
P091,2025-07-28,60
P091,2025-07-29,83
P091,2025-07-30,41
P091,2025-07-31,81
P091,2025-08-01,120
P091,2025-08-02,75
P091,2025-08-03,52
P091,2025-08-04,76
P091,2025-08-05,67
P091,2025-08-06,82
P091,2025-08-07,44
P091,2025-08-08,56
P092,2025-07-10,73
P092,2025-07-11,99
P092,2025-07-12,74
P092,2025-07-13,58
P092,2025-07-14,86
P092,2025-07-15,75
P092,2025-07-16,60
P092,2025-07-17,89
P092,2025-07-18,57
P092,2025-07-19,62
P092,2025-07-20,102
P092,2025-07-21,94
P092,2025-07-22,106
P092,2025-07-23,106
P092,2025-07-24,85
P092,2025-07-25,76
P092,2025-07-26,68
P092,2025-07-27,84
P092,2025-07-28,94
P092,2025-07-29,60
P092,2025-07-30,39
P092,2025-07-31,74
P092,2025-08-01,71
P092,2025-08-02,87
P092,2025-08-03,97
P092,2025-08-04,80
P092,2025-08-05,92
P092,2025-08-06,43
P092,2025-08-07,110
P092,2025-08-08,72
P093,2025-07-10,62
P093,2025-07-11,135
P093,2025-07-12,0
P093,2025-07-13,34
P093,2025-07-14,105
P093,2025-07-15,101
P093,2025-07-16,47
P093,2025-07-17,103
P093,2025-07-18,92
P093,2025-07-19,5
P093,2025-07-20,69
P093,2025-07-21,61
P093,2025-07-22,31
P093,2025-07-23,113
P093,2025-07-24,66
P093,2025-07-25,94
P093,2025-07-26,46
P093,2025-07-27,113
P093,2025-07-28,97
P093,2025-07-29,59
P093,2025-07-30,83
P093,2025-07-31,77
P093,2025-08-01,74
P093,2025-08-02,61
P093,2025-08-03,30
P093,2025-08-04,19
P093,2025-08-05,54
P093,2025-08-06,174
P093,2025-08-07,70
P093,2025-08-08,117
P094,2025-07-10,43
P094,2025-07-11,68
P094,2025-07-12,71
P094,2025-07-13,90
P094,2025-07-14,70
P094,2025-07-15,103
P094,2025-07-16,60
P094,2025-07-17,34
P094,2025-07-18,65
P094,2025-07-19,49
P094,2025-07-20,76
P094,2025-07-21,82
P094,2025-07-22,70
P094,2025-07-23,30
P094,2025-07-24,44
P094,2025-07-25,115
P094,2025-07-26,46
P094,2025-07-27,86
P094,2025-07-28,38
P094,2025-07-29,40
P094,2025-07-30,34
P094,2025-07-31,108
P094,2025-08-01,65
P094,2025-08-02,54
P094,2025-08-03,37
P094,2025-08-04,81
P094,2025-08-05,62
P094,2025-08-06,86
P094,2025-08-07,42
P094,2025-08-08,34
P095,2025-07-10,18
P095,2025-07-11,0
P095,2025-07-12,29
P095,2025-07-13,22
P095,2025-07-14,21
P095,2025-07-15,15
P095,2025-07-16,31
P095,2025-07-17,31
P095,2025-07-18,9
P095,2025-07-19,18
P095,2025-07-20,13
P095,2025-07-21,13
P095,2025-07-22,38
P095,2025-07-23,22
P095,2025-07-24,33
P095,2025-07-25,24
P095,2025-07-26,4
P095,2025-07-27,5
P095,2025-07-28,28
P095,2025-07-29,37
P095,2025-07-30,4
P095,2025-07-31,11
P095,2025-08-01,24
P095,2025-08-02,22
P095,2025-08-03,28
P095,2025-08-04,27
P095,2025-08-05,2
P095,2025-08-06,10
P095,2025-08-07,14
P095,2025-08-08,7
P096,2025-07-10,70
P096,2025-07-11,258
P096,2025-07-12,110
P096,2025-07-13,72
P096,2025-07-14,19
P096,2025-07-15,119
P096,2025-07-16,85
P096,2025-07-17,49
P096,2025-07-18,56
P096,2025-07-19,66
P096,2025-07-20,88
P096,2025-07-21,33
P096,2025-07-22,113
P096,2025-07-23,62
P096,2025-07-24,78
P096,2025-07-25,146
P096,2025-07-26,73
P096,2025-07-27,146
P096,2025-07-28,32
P096,2025-07-29,37
P096,2025-07-30,128
P096,2025-07-31,218
P096,2025-08-01,86
P096,2025-08-02,10
P096,2025-08-03,101
P096,2025-08-04,125
P096,2025-08-05,39
P096,2025-08-06,86
P096,2025-08-07,89
P096,2025-08-08,0
P097,2025-07-10,42
P097,2025-07-11,6
P097,2025-07-12,7
P097,2025-07-13,16
P097,2025-07-14,0
P097,2025-07-15,33
P097,2025-07-16,0
P097,2025-07-17,0
P097,2025-07-18,86
P097,2025-07-19,24
P097,2025-07-20,29
P097,2025-07-21,23
P097,2025-07-22,99
P097,2025-07-23,65
P097,2025-07-24,19
P097,2025-07-25,50
P097,2025-07-26,14
P097,2025-07-27,84
P097,2025-07-28,39
P097,2025-07-29,59
P097,2025-07-30,11
P097,2025-07-31,75
P097,2025-08-01,34
P097,2025-08-02,52
P097,2025-08-03,62
P097,2025-08-04,25
P097,2025-08-05,44
P097,2025-08-06,76
P097,2025-08-07,67
P097,2025-08-08,50
P098,2025-07-10,14
P098,2025-07-11,28
P098,2025-07-12,31
P098,2025-07-13,22
P098,2025-07-14,20
P098,2025-07-15,31
P098,2025-07-16,25
P098,2025-07-17,26
P098,2025-07-18,28
P098,2025-07-19,35
P098,2025-07-20,37
P098,2025-07-21,23
P098,2025-07-22,22
P098,2025-07-23,24
P098,2025-07-24,32
P098,2025-07-25,24
P098,2025-07-26,20
P098,2025-07-27,36
P098,2025-07-28,34
P098,2025-07-29,26
P098,2025-07-30,30
P098,2025-07-31,30
P098,2025-08-01,36
P098,2025-08-02,33
P098,2025-08-03,31
P098,2025-08-04,25
P098,2025-08-05,20
P098,2025-08-06,20
P098,2025-08-07,22
P098,2025-08-08,21
P099,2025-07-10,47
P099,2025-07-11,38
P099,2025-07-12,19
P099,2025-07-13,41
P099,2025-07-14,18
P099,2025-07-15,40
P099,2025-07-16,21
P099,2025-07-17,33
P099,2025-07-18,45
P099,2025-07-19,25
P099,2025-07-20,29
P099,2025-07-21,54
P099,2025-07-22,45
P099,2025-07-23,36
P099,2025-07-24,51
P099,2025-07-25,29
P099,2025-07-26,46
P099,2025-07-27,35
P099,2025-07-28,45
P099,2025-07-29,52
P099,2025-07-30,42
P099,2025-07-31,37
P099,2025-08-01,64
P099,2025-08-02,62
P099,2025-08-03,39
P099,2025-08-04,36
P099,2025-08-05,44
P099,2025-08-06,47
P099,2025-08-07,64
P099,2025-08-08,53
P100,2025-07-10,73
P100,2025-07-11,45
P100,2025-07-12,49
P100,2025-07-13,95
P100,2025-07-14,20
P100,2025-07-15,92
P100,2025-07-16,69
P100,2025-07-17,24
P100,2025-07-18,131
P100,2025-07-19,28
P100,2025-07-20,68
P100,2025-07-21,86
P100,2025-07-22,33
P100,2025-07-23,35
P100,2025-07-24,58
P100,2025-07-25,8
P100,2025-07-26,48
P100,2025-07-27,45
P100,2025-07-28,52
P100,2025-07-29,122
P100,2025-07-30,28
P100,2025-07-31,97
P100,2025-08-01,62
P100,2025-08-02,56
P100,2025-08-03,20
P100,2025-08-04,100
P100,2025-08-05,43
P100,2025-08-06,64
P100,2025-08-07,81
P100,2025-08-08,4
